,0,1,2,3
0,42310.0,2.0,14.9576681176,22.92
1,42310.0,3.0,15.1931933871,22.24
2,42310.0,4.0,18.1110745698,23.8
3,42310.0,5.0,24.0115040028,27.86
4,42310.0,6.0,28.1712916934,34.95
5,42310.0,7.0,30.5990269807,32.61
6,42310.0,8.0,31.1833639362,34.09
7,42310.0,9.0,32.2973886991,28.43
8,42310.0,10.0,32.9180949277,41.83
9,42310.0,11.0,32.7806357422,35.36
10,42310.0,12.0,31.4554549086,32.98
11,42310.0,13.0,31.2497453001,31.88
12,42310.0,14.0,30.3972281107,31.39
13,42310.0,15.0,30.3771089384,34.63
14,42310.0,16.0,30.4842643645,40.16
15,42310.0,17.0,34.3750622925,37.96
16,42310.0,18.0,33.0837150019,37.93
17,42310.0,19.0,29.6401698464,26.53
18,42310.0,20.0,25.6931513318,25.75
19,42310.0,21.0,25.2415651992,25.54
20,42310.0,22.0,23.8560506582,25.05
21,42310.0,23.0,21.9230862951,24.31
22,42311.0,0.0,18.3073555484,23.34
23,42311.0,1.0,17.3735402361,22.99
24,42311.0,2.0,17.2417894194,22.82
25,42311.0,3.0,17.9128888175,23.26
26,42311.0,4.0,20.377267189,23.91
27,42311.0,5.0,26.6666752237,24.68
28,42311.0,6.0,31.8625288606,31.13
29,42311.0,7.0,34.1076618254,31.33
30,42311.0,8.0,35.4428010541,31.89
31,42311.0,9.0,37.121597175,26.89
32,42311.0,10.0,37.6072311378,38.96
33,42311.0,11.0,37.392301234,44.08
34,42311.0,12.0,36.7992618436,35.96
35,42311.0,13.0,36.7388209927,33.91
36,42311.0,14.0,36.5694151807,35.98
37,42311.0,15.0,36.7411662453,50.28
38,42311.0,16.0,37.5708856744,55.51
39,42311.0,17.0,40.4669393408,52.82
40,42311.0,18.0,38.3817121291,55.51
41,42311.0,19.0,34.7952137065,36.7
42,42311.0,20.0,30.5526516932,25.93
43,42311.0,21.0,29.0990950638,26.89
44,42311.0,22.0,26.9571651196,25.05
45,42311.0,23.0,23.2458563995,24.32
46,42312.0,0.0,19.0730091041,23.51
47,42312.0,1.0,16.6393452087,23.16
48,42312.0,2.0,15.5210704195,23.08
49,42312.0,3.0,15.8737690344,23.2
50,42312.0,4.0,19.1942836654,23.67
51,42312.0,5.0,26.9526650918,24.69
52,42312.0,6.0,32.7168496326,28.53
53,42312.0,7.0,37.8605422318,30.0
54,42312.0,8.0,38.3256939247,31.31
55,42312.0,9.0,37.5360878396,28.62
56,42312.0,10.0,38.0112693566,28.57
57,42312.0,11.0,37.9692333817,28.56
58,42312.0,12.0,36.4479739517,27.56
59,42312.0,13.0,35.0459057367,26.76
60,42312.0,14.0,34.4582830465,26.9
61,42312.0,15.0,34.7866005579,26.89
62,42312.0,16.0,37.0288585049,29.19
63,42312.0,17.0,40.7253814191,35.47
64,42312.0,18.0,39.2980094758,34.49
65,42312.0,19.0,35.9675483546,31.32
66,42312.0,20.0,31.5088600016,25.95
67,42312.0,21.0,30.4570261005,25.25
68,42312.0,22.0,28.6873127493,24.83
69,42312.0,23.0,26.0555464354,24.05
70,42313.0,0.0,24.0069087362,23.82
71,42313.0,1.0,22.4535181546,23.33
72,42313.0,2.0,21.9251398793,23.2
73,42313.0,3.0,24.0143016392,23.66
74,42313.0,4.0,27.9902429521,25.83
75,42313.0,5.0,32.9309045309,51.39
76,42313.0,6.0,39.125942933,61.02
77,42313.0,7.0,41.5523805931,67.58
78,42313.0,8.0,42.1255984321,62.57
79,42313.0,9.0,41.5879224801,33.19
80,42313.0,10.0,42.0325204742,55.1
81,42313.0,11.0,41.6370061177,51.03
82,42313.0,12.0,40.4969038123,35.96
83,42313.0,13.0,40.9660019583,34.46
84,42313.0,14.0,40.93055531,34.43
85,42313.0,15.0,40.949644714,35.9
86,42313.0,16.0,43.1998015195,68.12
87,42313.0,17.0,47.0319264647,69.93
88,42313.0,18.0,44.3364990419,69.97
89,42313.0,19.0,41.7171732813,51.33
90,42313.0,20.0,37.412045404,27.22
91,42313.0,21.0,35.349050473,28.41
92,42313.0,22.0,33.0047145122,25.7
93,42313.0,23.0,30.1679588324,24.3
94,42314.0,0.0,28.7089021689,23.61
95,42314.0,1.0,27.3142089996,23.06
96,42314.0,2.0,25.9294206536,22.88
97,42314.0,3.0,26.4388761926,23.08
98,42314.0,4.0,29.4332757068,25.69
99,42314.0,5.0,35.2826095849,35.93
100,42314.0,6.0,41.4383144099,52.09
101,42314.0,7.0,44.1967481756,55.07
102,42314.0,8.0,44.5020357823,55.06
103,42314.0,9.0,44.5480896392,34.45
104,42314.0,10.0,45.0585154223,40.98
105,42314.0,11.0,44.4443628058,45.0
106,42314.0,12.0,42.8954365376,35.98
107,42314.0,13.0,41.6895957294,35.9
108,42314.0,14.0,40.3983198678,35.38
109,42314.0,15.0,39.9274479014,39.1
110,42314.0,16.0,41.8395430875,55.08
111,42314.0,17.0,45.3667197138,55.06
112,42314.0,18.0,42.2803255817,55.03
113,42314.0,19.0,37.0854540938,29.11
114,42314.0,20.0,33.0142502856,25.67
115,42314.0,21.0,32.0838040417,24.76
116,42314.0,22.0,30.5630922341,24.37
117,42314.0,23.0,27.8658493239,23.55
118,42315.0,0.0,22.8445443881,22.86
119,42315.0,1.0,20.2875463948,22.08
120,42315.0,2.0,18.6055657303,21.66
121,42315.0,3.0,18.3634928012,20.43
122,42315.0,4.0,18.9344725311,21.29
123,42315.0,5.0,21.5348219836,22.07
124,42315.0,6.0,26.7801521176,28.6
125,42315.0,7.0,29.9000940767,29.04
126,42315.0,8.0,31.3129183108,30.87
127,42315.0,9.0,31.7257899177,32.27
128,42315.0,10.0,31.5589853123,31.3
129,42315.0,11.0,31.6478608632,30.51
130,42315.0,12.0,31.6333072016,28.59
131,42315.0,13.0,31.6601585585,28.53
132,42315.0,14.0,32.2023643005,28.52
133,42315.0,15.0,34.5070690632,34.4
134,42315.0,16.0,39.0108707911,35.94
135,42315.0,17.0,43.404243263,54.31
136,42315.0,18.0,40.7643459463,35.5
137,42315.0,19.0,34.9629528415,34.43
138,42315.0,20.0,32.0024582994,31.35
139,42315.0,21.0,31.2233939463,32.95
140,42315.0,22.0,29.9651361465,29.08
141,42315.0,23.0,26.1650947335,27.34
142,42316.0,0.0,19.8917820367,23.71
143,42316.0,1.0,16.682000235,21.06
144,42316.0,2.0,12.3861581296,19.4
145,42316.0,3.0,13.9740965444,19.71
146,42316.0,4.0,13.4242062309,20.9
147,42316.0,5.0,14.8633163422,24.89
148,42316.0,6.0,16.164467265,27.39
149,42316.0,7.0,18.4225586435,25.08
150,42316.0,8.0,22.2075940111,28.57
151,42316.0,9.0,25.9235872841,31.17
152,42316.0,10.0,28.2416909394,34.47
153,42316.0,11.0,28.8230635908,34.44
154,42316.0,12.0,28.5715025076,32.94
155,42316.0,13.0,29.074011575,31.36
156,42316.0,14.0,29.6569080454,34.4
157,42316.0,15.0,31.296525352,39.94
158,42316.0,16.0,34.1246262163,60.71
159,42316.0,17.0,36.1883651996,32.95
160,42316.0,18.0,33.9504108506,30.5
161,42316.0,19.0,31.5732532579,28.35
162,42316.0,20.0,29.7738194844,24.99
163,42316.0,21.0,29.8194209576,26.06
164,42316.0,22.0,28.494853223,25.14
165,42316.0,23.0,25.9282777894,22.54
166,42317.0,0.0,20.0863427666,20.62
167,42317.0,1.0,15.8274413663,18.19
168,42317.0,2.0,13.7618035617,16.02
169,42317.0,3.0,13.2871756196,15.74
170,42317.0,4.0,15.9560493064,25.79
171,42317.0,5.0,25.5468289962,35.95
172,42317.0,6.0,31.5353601658,51.44
173,42317.0,7.0,34.5675575334,60.02
174,42317.0,8.0,34.787785089,61.82
175,42317.0,9.0,33.8278981864,34.65
176,42317.0,10.0,35.006250729,44.97
177,42317.0,11.0,35.733219521,35.99
178,42317.0,12.0,34.6949868947,36.0
179,42317.0,13.0,34.7006655014,41.08
180,42317.0,14.0,34.1095427895,35.92
181,42317.0,15.0,34.3980802923,44.24
182,42317.0,16.0,35.7341600031,61.85
183,42317.0,17.0,37.9644595426,45.09
184,42317.0,18.0,35.6676834005,49.9
185,42317.0,19.0,32.5041697428,31.74
186,42317.0,20.0,29.8970821533,27.4
187,42317.0,21.0,28.9580882373,28.59
188,42317.0,22.0,27.4589777541,25.95
189,42317.0,23.0,23.819508765,19.41
190,42318.0,0.0,20.3601599401,15.89
191,42318.0,1.0,18.8027098095,13.14
192,42318.0,2.0,18.8578589609,12.78
193,42318.0,3.0,20.4263865411,15.14
194,42318.0,4.0,24.8732593447,26.15
195,42318.0,5.0,30.8330462885,39.5
196,42318.0,6.0,36.0643049067,42.94
197,42318.0,7.0,40.6011306489,49.95
198,42318.0,8.0,41.2394203198,39.96
199,42318.0,9.0,42.2499563459,31.16
200,42318.0,10.0,44.4290174726,39.8
201,42318.0,11.0,47.5262271479,35.97
202,42318.0,12.0,45.684293111,35.92
203,42318.0,13.0,44.1761647147,34.5
204,42318.0,14.0,39.9609242994,35.1
205,42318.0,15.0,37.3284079808,49.97
206,42318.0,16.0,38.4975461805,57.02
207,42318.0,17.0,42.7781203341,56.98
208,42318.0,18.0,39.6514342856,57.09
209,42318.0,19.0,33.8242136398,35.25
210,42318.0,20.0,31.3060849351,28.15
211,42318.0,21.0,30.230661602,28.03
212,42318.0,22.0,28.5865561724,24.21
213,42318.0,23.0,25.7467885691,21.63
214,42319.0,0.0,19.9854195219,21.03
215,42319.0,1.0,17.4621717378,20.65
216,42319.0,2.0,16.520386138,20.55
217,42319.0,3.0,16.6333213618,20.84
218,42319.0,4.0,19.9392406642,23.93
219,42319.0,5.0,28.3386379689,32.23
220,42319.0,6.0,33.1846322942,36.05
221,42319.0,7.0,35.9288278764,40.0
222,42319.0,8.0,36.5216767895,35.88
223,42319.0,9.0,37.3799797291,32.04
224,42319.0,10.0,38.0737816489,48.71
225,42319.0,11.0,38.8030599791,47.95
226,42319.0,12.0,37.9802572596,41.7
227,42319.0,13.0,39.0549960646,35.86
228,42319.0,14.0,39.4184804606,35.83
229,42319.0,15.0,38.9317750627,39.97
230,42319.0,16.0,40.7235897413,53.42
231,42319.0,17.0,42.8217158425,51.29
232,42319.0,18.0,40.9528114003,51.28
233,42319.0,19.0,37.3621879521,31.89
234,42319.0,20.0,33.1545368695,24.9
235,42319.0,21.0,31.424049952,26.44
236,42319.0,22.0,29.9113620037,23.62
237,42319.0,23.0,27.8415813163,22.56
238,42320.0,0.0,26.6389964807,21.62
239,42320.0,1.0,25.0990226489,21.23
240,42320.0,2.0,24.3927087468,21.06
241,42320.0,3.0,24.958807494,21.02
242,42320.0,4.0,26.9006231025,22.99
243,42320.0,5.0,30.6026579556,32.25
244,42320.0,6.0,34.237359058,35.97
245,42320.0,7.0,36.8686491784,43.35
246,42320.0,8.0,37.5016114354,45.04
247,42320.0,9.0,37.5182901102,33.84
248,42320.0,10.0,37.5608141834,35.92
249,42320.0,11.0,36.8945362437,35.93
250,42320.0,12.0,34.4997594941,35.23
251,42320.0,13.0,35.4680512106,34.48
252,42320.0,14.0,34.8383508787,34.91
253,42320.0,15.0,36.2115617719,50.96
254,42320.0,16.0,38.3433309388,51.49
255,42320.0,17.0,43.9352644119,51.47
256,42320.0,18.0,42.6870364362,51.45
257,42320.0,19.0,39.811542421,34.47
258,42320.0,20.0,34.3309013045,26.1
259,42320.0,21.0,32.9748571843,25.51
260,42320.0,22.0,31.0512143075,24.05
261,42320.0,23.0,29.2331494662,23.43
262,42321.0,0.0,27.6129668039,23.05
263,42321.0,1.0,26.5542519078,22.15
264,42321.0,2.0,25.9412778699,21.89
265,42321.0,3.0,26.0020282465,21.88
266,42321.0,4.0,27.3989357153,22.27
267,42321.0,5.0,30.392103079,34.48
268,42321.0,6.0,34.5418788028,50.1
269,42321.0,7.0,39.0002040583,51.45
270,42321.0,8.0,38.8603460485,39.78
271,42321.0,9.0,37.7594820815,29.42
272,42321.0,10.0,38.6666424668,35.98
273,42321.0,11.0,37.5250401521,35.92
274,42321.0,12.0,33.3918121499,34.47
275,42321.0,13.0,32.2892338866,32.52
276,42321.0,14.0,31.5529912275,34.41
277,42321.0,15.0,31.6053129804,35.97
278,42321.0,16.0,32.3842285231,39.97
279,42321.0,17.0,35.017917468,35.95
280,42321.0,18.0,33.714028433,34.49
281,42321.0,19.0,31.9102672517,28.44
282,42321.0,20.0,30.2919000769,23.3
283,42321.0,21.0,29.856706903,23.01
284,42321.0,22.0,28.7575215179,21.49
285,42321.0,23.0,26.4583048844,19.59
286,42322.0,0.0,23.1580879983,18.4
287,42322.0,1.0,20.2937964335,16.48
288,42322.0,2.0,17.8925494057,15.0
289,42322.0,3.0,17.7783106023,15.75
290,42322.0,4.0,18.984329983,16.39
291,42322.0,5.0,22.6222572958,18.38
292,42322.0,6.0,25.912075308,19.46
293,42322.0,7.0,28.4009121644,20.55
294,42322.0,8.0,29.1126070523,21.07
295,42322.0,9.0,29.6745331547,21.28
296,42322.0,10.0,29.9096953267,21.59
297,42322.0,11.0,29.6469556028,21.51
298,42322.0,12.0,29.3614240709,21.34
299,42322.0,13.0,29.0955831373,21.08
300,42322.0,14.0,29.5101452309,21.11
301,42322.0,15.0,30.7037478679,23.27
302,42322.0,16.0,31.8158380949,29.12
303,42322.0,17.0,33.0845483404,29.43
304,42322.0,18.0,32.255037246,27.2
305,42322.0,19.0,30.7170098549,23.36
306,42322.0,20.0,29.3127987695,22.68
307,42322.0,21.0,29.415001784,22.5
308,42322.0,22.0,28.7477357429,21.63
309,42322.0,23.0,27.2862147784,21.49
310,42323.0,0.0,24.5235428911,21.95
311,42323.0,1.0,22.1747069025,21.18
312,42323.0,2.0,20.3469336677,20.72
313,42323.0,3.0,22.0483846909,20.03
314,42323.0,4.0,23.1628261229,20.15
315,42323.0,5.0,25.6295973665,20.63
316,42323.0,6.0,26.8436287016,21.12
317,42323.0,7.0,27.9817428994,21.34
318,42323.0,8.0,29.2202624816,21.64
319,42323.0,9.0,30.1163692269,22.72
320,42323.0,10.0,30.8496713915,23.17
321,42323.0,11.0,31.0840121299,23.26
322,42323.0,12.0,30.8862370944,23.33
323,42323.0,13.0,30.7350218713,23.03
324,42323.0,14.0,31.1775841385,23.23
325,42323.0,15.0,32.2955196398,23.64
326,42323.0,16.0,35.0781916511,24.57
327,42323.0,17.0,40.1628422177,25.87
328,42323.0,18.0,38.2735686016,25.55
329,42323.0,19.0,34.3756515819,25.0
330,42323.0,20.0,31.6634085786,24.32
331,42323.0,21.0,31.6335512507,24.01
332,42323.0,22.0,30.5459314135,23.81
333,42323.0,23.0,28.7388666403,23.34
334,42324.0,0.0,26.2674644157,23.24
335,42324.0,1.0,24.578769424,22.44
336,42324.0,2.0,23.5046972898,21.51
337,42324.0,3.0,24.4532805508,20.9
338,42324.0,4.0,27.3072803852,21.74
339,42324.0,5.0,31.1694412309,34.49
340,42324.0,6.0,36.1782341844,40.9
341,42324.0,7.0,40.9424065739,36.06
342,42324.0,8.0,40.6656370011,38.62
343,42324.0,9.0,40.1562350339,34.42
344,42324.0,10.0,40.5385112131,35.83
345,42324.0,11.0,40.2584142387,35.83
346,42324.0,12.0,37.6905828449,43.24
347,42324.0,13.0,37.3933071926,35.87
348,42324.0,14.0,36.2600799298,35.84
349,42324.0,15.0,36.1178409529,53.07
350,42324.0,16.0,37.4846946639,51.12
351,42324.0,17.0,39.9462456369,38.5
352,42324.0,18.0,37.0994065613,39.95
353,42324.0,19.0,33.6795163143,30.0
354,42324.0,20.0,31.1059825042,24.53
355,42324.0,21.0,30.3180669057,24.23
356,42324.0,22.0,28.9604989666,22.71
357,42324.0,23.0,26.8385453367,21.32
358,42325.0,0.0,25.3567385322,21.89
359,42325.0,1.0,23.1712071273,21.52
360,42325.0,2.0,22.2485168839,21.4
361,42325.0,3.0,23.4561493698,21.37
362,42325.0,4.0,26.2226069948,22.5
363,42325.0,5.0,29.3958826178,30.72
364,42325.0,6.0,32.7924631965,35.35
365,42325.0,7.0,38.2021514922,35.55
366,42325.0,8.0,38.3077116704,36.42
367,42325.0,9.0,38.4032896438,29.9
368,42325.0,10.0,38.4727484077,35.81
369,42325.0,11.0,38.180722788,35.82
370,42325.0,12.0,36.8117083493,35.37
371,42325.0,13.0,36.9389412808,35.82
372,42325.0,14.0,36.8375358903,35.53
373,42325.0,15.0,36.8373216033,40.97
374,42325.0,16.0,38.8745901844,52.18
375,42325.0,17.0,41.7841260773,43.68
376,42325.0,18.0,40.1942471743,40.99
377,42325.0,19.0,36.268615697,34.41
378,42325.0,20.0,32.7680523309,24.91
379,42325.0,21.0,31.8605050385,24.54
380,42325.0,22.0,30.5717708594,23.49
381,42325.0,23.0,28.8791710815,21.9
382,42326.0,0.0,27.4620432493,21.76
383,42326.0,1.0,26.4971265537,21.38
384,42326.0,2.0,26.1212670809,21.21
385,42326.0,3.0,26.6634609181,21.45
386,42326.0,4.0,28.2695839694,21.97
387,42326.0,5.0,31.6377358004,29.77
388,42326.0,6.0,36.3723841974,34.6
389,42326.0,7.0,40.7621435517,36.03
390,42326.0,8.0,40.8188224745,35.37
391,42326.0,9.0,40.5235111201,29.94
392,42326.0,10.0,41.063407324,34.8
393,42326.0,11.0,40.2236759281,34.91
394,42326.0,12.0,38.0861150587,34.71
395,42326.0,13.0,39.4135042393,34.48
396,42326.0,14.0,37.9133580354,36.01
397,42326.0,15.0,37.4863137215,45.06
398,42326.0,16.0,39.504713138,47.67
399,42326.0,17.0,43.0393481439,43.09
400,42326.0,18.0,41.189806917,45.28
401,42326.0,19.0,37.4769565207,36.09
402,42326.0,20.0,32.7785226339,27.15
403,42326.0,21.0,31.7042778796,27.85
404,42326.0,22.0,30.3323408037,24.14
405,42326.0,23.0,28.4586922845,22.01
406,42327.0,0.0,25.5070013684,21.51
407,42327.0,1.0,22.8167644539,21.09
408,42327.0,2.0,21.2642964971,21.02
409,42327.0,3.0,21.7690377212,21.28
410,42327.0,4.0,25.6592820743,23.53
411,42327.0,5.0,30.119077577,34.5
412,42327.0,6.0,34.2619782582,40.92
413,42327.0,7.0,37.9282569373,52.26
414,42327.0,8.0,38.1276867449,40.95
415,42327.0,9.0,38.1243712482,28.8
416,42327.0,10.0,38.7757383811,38.97
417,42327.0,11.0,38.3718549252,48.07
418,42327.0,12.0,37.1118411621,38.79
419,42327.0,13.0,37.9710905361,36.07
420,42327.0,14.0,37.4288431272,36.09
421,42327.0,15.0,36.876036129,52.28
422,42327.0,16.0,38.1533892852,52.27
423,42327.0,17.0,42.0807172015,49.92
424,42327.0,18.0,40.2038603291,50.96
425,42327.0,19.0,36.864155103,36.04
426,42327.0,20.0,32.9852679631,27.88
427,42327.0,21.0,32.1975547469,27.89
428,42327.0,22.0,30.8166652346,24.93
429,42327.0,23.0,28.9595525321,23.1
430,42328.0,0.0,26.681651507,23.64
431,42328.0,1.0,24.810883958,23.71
432,42328.0,2.0,24.3892801541,22.89
433,42328.0,3.0,25.0134744996,23.25
434,42328.0,4.0,27.3263757417,27.37
435,42328.0,5.0,30.913439644,36.1
436,42328.0,6.0,35.1710196075,42.41
437,42328.0,7.0,40.4661179072,40.93
438,42328.0,8.0,41.070359748,39.99
439,42328.0,9.0,40.9244778913,34.46
440,42328.0,10.0,41.3951891425,40.9
441,42328.0,11.0,40.9006741723,36.08
442,42328.0,12.0,38.3895097965,36.02
443,42328.0,13.0,37.2440324578,36.02
444,42328.0,14.0,36.3156278932,36.07
445,42328.0,15.0,35.8913871682,52.27
446,42328.0,16.0,37.7834584206,52.27
447,42328.0,17.0,40.02971044,40.95
448,42328.0,18.0,37.0023523882,40.45
449,42328.0,19.0,33.2927401072,34.45
450,42328.0,20.0,31.3445554116,26.4
451,42328.0,21.0,30.7651292008,25.08
452,42328.0,22.0,29.4411983749,24.67
453,42328.0,23.0,27.4323644939,24.14
454,42329.0,0.0,24.9598313099,24.33
455,42329.0,1.0,23.3209818652,23.97
456,42329.0,2.0,22.1433733749,23.04
457,42329.0,3.0,21.8034426963,22.38
458,42329.0,4.0,23.0797244173,22.25
459,42329.0,5.0,25.161546846,22.61
460,42329.0,6.0,26.475691897,23.18
461,42329.0,7.0,28.8049444309,24.49
462,42329.0,8.0,29.6470984608,24.97
463,42329.0,9.0,30.4719904789,25.22
464,42329.0,10.0,30.9223087466,25.4
465,42329.0,11.0,30.9072491294,25.4
466,42329.0,12.0,30.5754137391,25.32
467,42329.0,13.0,30.3706148505,25.19
468,42329.0,14.0,30.8872371006,25.25
469,42329.0,15.0,32.322644808,32.93
470,42329.0,16.0,34.434699567,34.43
471,42329.0,17.0,36.8213572186,31.84
472,42329.0,18.0,34.3533121577,29.1
473,42329.0,19.0,31.9349816906,26.0
474,42329.0,20.0,30.5071871257,25.47
475,42329.0,21.0,30.311162101,25.3
476,42329.0,22.0,29.2398102218,24.93
477,42329.0,23.0,27.4299180502,24.35
478,42330.0,0.0,24.6625258955,24.46
479,42330.0,1.0,22.7829368633,23.93
480,42330.0,2.0,21.7428768447,23.87
481,42330.0,3.0,21.122396808,22.7
482,42330.0,4.0,21.536238659,22.35
483,42330.0,5.0,23.1529034424,22.59
484,42330.0,6.0,24.4398578486,22.67
485,42330.0,7.0,25.9981770322,22.87
486,42330.0,8.0,27.0239274383,23.15
487,42330.0,9.0,27.9578737038,24.02
488,42330.0,10.0,28.6528184879,24.77
489,42330.0,11.0,29.0055528173,24.89
490,42330.0,12.0,28.9322190294,24.79
491,42330.0,13.0,28.8719627035,24.07
492,42330.0,14.0,29.5216691118,23.87
493,42330.0,15.0,30.6598071194,28.5
494,42330.0,16.0,32.1587687922,30.31
495,42330.0,17.0,32.8941423982,28.27
496,42330.0,18.0,32.3865559185,26.49
497,42330.0,19.0,31.070095377,25.91
498,42330.0,20.0,29.9106774756,25.39
499,42330.0,21.0,30.1851970345,25.18
500,42330.0,22.0,29.3875432804,24.93
501,42330.0,23.0,28.1173568353,24.57
502,42331.0,0.0,27.2733218414,24.0
503,42331.0,1.0,26.7321161056,24.52
504,42331.0,2.0,26.6187106407,24.73
505,42331.0,3.0,26.9781235829,25.02
506,42331.0,4.0,28.2919829178,26.03
507,42331.0,5.0,31.1717269593,51.54
508,42331.0,6.0,38.2249611574,51.56
509,42331.0,7.0,44.66052486,89.76
510,42331.0,8.0,46.1795759431,150.03
511,42331.0,9.0,44.9654077023,69.87
512,42331.0,10.0,44.8606927675,99.92
513,42331.0,11.0,44.3222489536,65.07
514,42331.0,12.0,42.9113473505,56.49
515,42331.0,13.0,42.810299105,55.07
516,42331.0,14.0,42.8916269901,60.04
517,42331.0,15.0,43.2880758762,99.95
518,42331.0,16.0,44.2719034034,150.06
519,42331.0,17.0,46.0194618553,150.05
520,42331.0,18.0,42.9724013004,77.48
521,42331.0,19.0,37.9645369241,51.91
522,42331.0,20.0,32.4651397389,40.13
523,42331.0,21.0,31.1276314479,27.34
524,42331.0,22.0,29.2303101629,25.17
525,42331.0,23.0,27.4906327122,24.35
526,42332.0,0.0,26.620026125,23.94
527,42332.0,1.0,25.6991454166,23.56
528,42332.0,2.0,25.0521175963,23.24
529,42332.0,3.0,24.8824022585,23.26
530,42332.0,4.0,25.7641339147,23.69
531,42332.0,5.0,28.1351367074,34.48
532,42332.0,6.0,31.0307677522,41.96
533,42332.0,7.0,34.2554841703,59.03
534,42332.0,8.0,34.90962513,59.01
535,42332.0,9.0,33.6893139941,34.46
536,42332.0,10.0,34.2222339642,56.85
537,42332.0,11.0,33.7924098712,41.93
538,42332.0,12.0,32.5521998024,38.94
539,42332.0,13.0,33.1158521059,38.91
540,42332.0,14.0,32.9678333312,44.36
541,42332.0,15.0,33.0323337311,58.01
542,42332.0,16.0,33.7843502975,58.01
543,42332.0,17.0,35.9096015668,35.97
544,42332.0,18.0,33.6629209733,35.07
545,42332.0,19.0,31.8981897959,31.84
546,42332.0,20.0,30.200232842,25.27
547,42332.0,21.0,29.6363364893,24.86
548,42332.0,22.0,28.4038943258,24.26
549,42332.0,23.0,26.8694979095,23.66
550,42333.0,0.0,26.7692532405,23.71
551,42333.0,1.0,25.3951911515,23.19
552,42333.0,2.0,25.0939035696,23.12
553,42333.0,3.0,25.694734675,23.53
554,42333.0,4.0,27.3067149055,24.32
555,42333.0,5.0,30.1058632094,28.17
556,42333.0,6.0,33.9331012195,32.97
557,42333.0,7.0,39.7140120545,34.5
558,42333.0,8.0,40.203175801,38.01
559,42333.0,9.0,38.8363578045,34.41
560,42333.0,10.0,39.8042328519,36.87
561,42333.0,11.0,40.0099781749,36.9
562,42333.0,12.0,39.0910796216,36.05
563,42333.0,13.0,40.1835685366,36.03
564,42333.0,14.0,39.4127006629,36.09
565,42333.0,15.0,38.4320755365,38.99
566,42333.0,16.0,40.5607256365,50.35
567,42333.0,17.0,43.0813543567,52.49
568,42333.0,18.0,41.6182083821,44.64
569,42333.0,19.0,38.5303440028,32.31
570,42333.0,20.0,33.2858769694,27.72
571,42333.0,21.0,31.8586121696,26.28
572,42333.0,22.0,29.9290049702,25.39
573,42333.0,23.0,27.3357150853,24.38
574,42334.0,0.0,25.0926357046,23.44
575,42334.0,1.0,23.57333462,23.17
576,42334.0,2.0,23.1868322241,23.05
577,42334.0,3.0,23.6268766186,23.18
578,42334.0,4.0,25.7893364519,23.63
579,42334.0,5.0,29.1895003861,24.79
580,42334.0,6.0,33.0558636388,30.93
581,42334.0,7.0,39.8880667049,44.54
582,42334.0,8.0,40.2060329616,44.1
583,42334.0,9.0,38.0731387877,33.14
584,42334.0,10.0,37.8983996093,37.23
585,42334.0,11.0,37.7170175326,37.17
586,42334.0,12.0,36.0992158374,34.47
587,42334.0,13.0,36.1266267216,34.42
588,42334.0,14.0,35.8356606323,34.47
589,42334.0,15.0,35.9231195077,51.95
590,42334.0,16.0,36.7466662794,56.68
591,42334.0,17.0,38.1827704197,58.03
592,42334.0,18.0,34.8488092768,41.99
593,42334.0,19.0,31.8144988009,28.97
594,42334.0,20.0,29.5833361608,25.4
595,42334.0,21.0,28.4504779479,24.58
596,42334.0,22.0,26.579597303,23.55
597,42334.0,23.0,24.1415583804,22.81
598,42335.0,0.0,21.9328720701,21.67
599,42335.0,1.0,20.1330692467,20.91
600,42335.0,2.0,19.3911777431,20.25
601,42335.0,3.0,19.77723966,20.38
602,42335.0,4.0,22.1359447575,21.07
603,42335.0,5.0,26.5346982151,25.57
604,42335.0,6.0,30.9825174531,30.94
605,42335.0,7.0,36.8060237902,55.08
606,42335.0,8.0,36.0359654453,41.91
607,42335.0,9.0,34.3536038262,28.53
608,42335.0,10.0,34.7069512546,35.93
609,42335.0,11.0,33.8791961235,35.33
610,42335.0,12.0,32.0151012349,34.5
611,42335.0,13.0,31.5265982068,34.46
612,42335.0,14.0,31.4447405565,34.47
613,42335.0,15.0,31.3966509727,50.07
614,42335.0,16.0,32.7992965722,50.01
615,42335.0,17.0,33.8498983228,42.0
616,42335.0,18.0,31.6510573116,35.31
617,42335.0,19.0,30.2003221282,24.7
618,42335.0,20.0,28.630127871,22.43
619,42335.0,21.0,27.7496700323,22.1
620,42335.0,22.0,25.9628256226,20.95
621,42335.0,23.0,22.4703515923,19.73
622,42336.0,0.0,16.5612554389,18.34
623,42336.0,1.0,13.9137747419,17.28
624,42336.0,2.0,13.2699909893,16.9
625,42336.0,3.0,13.6299753636,16.93
626,42336.0,4.0,15.6335592121,17.52
627,42336.0,5.0,19.5935718548,18.76
628,42336.0,6.0,22.5695188737,19.61
629,42336.0,7.0,25.3293216956,20.67
630,42336.0,8.0,26.6594013691,21.48
631,42336.0,9.0,27.9297306722,21.85
632,42336.0,10.0,28.4471207842,22.09
633,42336.0,11.0,28.5456987762,22.14
634,42336.0,12.0,28.4267873248,22.13
635,42336.0,13.0,28.5014544544,22.09
636,42336.0,14.0,29.224798224,22.15
637,42336.0,15.0,30.4288533068,22.42
638,42336.0,16.0,31.561217469,23.11
639,42336.0,17.0,32.8112847418,23.37
640,42336.0,18.0,31.754313904,22.91
641,42336.0,19.0,29.8786118007,22.26
642,42336.0,20.0,28.1645654613,21.86
643,42336.0,21.0,27.8473134947,21.02
644,42336.0,22.0,26.4150903308,20.22
645,42336.0,23.0,23.9434559619,19.25
646,42337.0,0.0,20.1640872961,19.57
647,42337.0,1.0,16.5233861566,18.87
648,42337.0,2.0,14.3742478344,18.07
649,42337.0,3.0,13.453182601,17.44
650,42337.0,4.0,12.9132387778,17.02
651,42337.0,5.0,14.0490017706,17.57
652,42337.0,6.0,14.9850909066,18.3
653,42337.0,7.0,17.6185000879,18.35
654,42337.0,8.0,19.8962046832,18.87
655,42337.0,9.0,22.4587443775,19.64
656,42337.0,10.0,24.2728449085,20.38
657,42337.0,11.0,25.0617307511,20.76
658,42337.0,12.0,24.2241303208,20.79
659,42337.0,13.0,24.5079356515,20.38
660,42337.0,14.0,25.6700142837,20.5
661,42337.0,15.0,27.2712027806,21.1
662,42337.0,16.0,28.5373237243,21.58
663,42337.0,17.0,29.7395335576,21.84
664,42337.0,18.0,29.5154785973,21.75
665,42337.0,19.0,28.557163133,21.38
666,42337.0,20.0,26.7669496548,20.97
667,42337.0,21.0,26.7175564915,20.76
668,42337.0,22.0,25.4617629927,20.11
669,42337.0,23.0,23.4580124766,19.46
670,42338.0,0.0,19.2869092396,19.22
671,42338.0,1.0,17.5097315565,17.87
672,42338.0,2.0,16.8650311315,16.96
673,42338.0,3.0,17.4767015898,19.58
674,42338.0,4.0,21.5194826028,20.41
675,42338.0,5.0,26.164374491,21.27
676,42338.0,6.0,29.4226506409,30.59
677,42338.0,7.0,32.0507919323,34.45
678,42338.0,8.0,32.534187786,34.42
679,42338.0,9.0,31.8085642403,23.81
680,42338.0,10.0,31.3666805488,32.2
681,42338.0,11.0,31.1160004234,33.9
682,42338.0,12.0,31.3587281185,34.4
683,42338.0,13.0,31.8525049889,34.0
684,42338.0,14.0,32.298370848,34.48
685,42338.0,15.0,32.2313525754,55.08
686,42338.0,16.0,34.3093892664,55.08
687,42338.0,17.0,37.8873757315,55.03
688,42338.0,18.0,35.8369225448,36.45
689,42338.0,19.0,32.5614022404,28.16
690,42338.0,20.0,30.451549876,23.76
691,42338.0,21.0,29.7755754477,23.43
692,42338.0,22.0,28.4071324411,22.67
693,42338.0,23.0,26.1130467919,20.87
694,42339.0,0.0,22.5793760777,20.62
695,42339.0,1.0,20.2341472542,19.3
696,42339.0,2.0,18.2402777517,18.96
697,42339.0,3.0,18.3940048951,19.25
698,42339.0,4.0,21.6870848322,20.48
699,42339.0,5.0,26.7085266736,28.13
700,42339.0,6.0,30.3107275745,45.02
701,42339.0,7.0,35.6590047753,51.34
702,42339.0,8.0,35.7114336717,49.58
703,42339.0,9.0,34.4960332805,34.48
704,42339.0,10.0,34.6549568847,25.78
705,42339.0,11.0,34.7974161011,39.93
706,42339.0,12.0,33.1770131993,35.87
707,42339.0,13.0,33.4259909332,35.83
708,42339.0,14.0,34.0854354972,50.01
709,42339.0,15.0,34.4660807139,51.34
710,42339.0,16.0,35.397556726,51.34
711,42339.0,17.0,37.6649517336,48.19
712,42339.0,18.0,35.5192003372,39.93
713,42339.0,19.0,32.8214395666,28.53
714,42339.0,20.0,30.5610088879,24.66
715,42339.0,21.0,29.8828499222,23.73
716,42339.0,22.0,28.4398052627,22.93
717,42339.0,23.0,26.2405535346,22.24
718,42340.0,0.0,24.2207076806,22.99
719,42340.0,1.0,22.8336633682,22.52
720,42340.0,2.0,22.6291978151,21.72
721,42340.0,3.0,23.2795113701,21.79
722,42340.0,4.0,25.8075984699,23.06
723,42340.0,5.0,29.2809057146,28.52
724,42340.0,6.0,33.6513375682,35.04
725,42340.0,7.0,40.316396741,51.35
726,42340.0,8.0,41.2808967674,51.36
727,42340.0,9.0,39.2219435281,49.59
728,42340.0,10.0,39.3681825298,34.93
729,42340.0,11.0,38.3961645997,51.34
730,42340.0,12.0,36.8956314886,51.4
731,42340.0,13.0,36.5892188749,51.39
732,42340.0,14.0,37.3110626352,58.56
733,42340.0,15.0,36.2927825135,60.08
734,42340.0,16.0,36.2724371493,64.97
735,42340.0,17.0,38.5435762277,64.91
736,42340.0,18.0,37.0298823208,60.02
737,42340.0,19.0,34.1496263713,46.36
738,42340.0,20.0,31.0669644052,23.38
739,42340.0,21.0,29.9732969114,23.09
740,42340.0,22.0,28.2719946986,22.19
741,42340.0,23.0,25.8196461636,21.22
742,42341.0,0.0,24.2428149605,20.76
743,42341.0,1.0,23.0954685625,20.32
744,42341.0,2.0,22.8871339378,20.26
745,42341.0,3.0,23.6824305344,20.58
746,42341.0,4.0,25.4669415963,21.48
747,42341.0,5.0,28.276131629,25.77
748,42341.0,6.0,31.320727883,34.98
749,42341.0,7.0,35.5945936617,51.59
750,42341.0,8.0,36.2238297051,49.46
751,42341.0,9.0,34.4770331627,38.03
752,42341.0,10.0,33.968351438,29.56
753,42341.0,11.0,34.1966147578,42.96
754,42341.0,12.0,33.4989140043,35.97
755,42341.0,13.0,34.2980558628,37.1
756,42341.0,14.0,34.7236061198,49.91
757,42341.0,15.0,35.1922875965,51.57
758,42341.0,16.0,36.3890093005,51.58
759,42341.0,17.0,37.3187055397,37.88
760,42341.0,18.0,34.7468979308,42.93
761,42341.0,19.0,32.4405324435,26.18
762,42341.0,20.0,30.1057977328,23.59
763,42341.0,21.0,29.5759134957,22.93
764,42341.0,22.0,27.6327109739,22.29
765,42341.0,23.0,24.9386407024,21.22
766,42342.0,0.0,22.9114436123,19.49
767,42342.0,1.0,20.9110085928,18.69
768,42342.0,2.0,19.9325977659,17.37
769,42342.0,3.0,20.0977773613,16.83
770,42342.0,4.0,22.3729224169,17.19
771,42342.0,5.0,25.862944051,25.92
772,42342.0,6.0,29.3848468351,34.94
773,42342.0,7.0,33.382312091,42.98
774,42342.0,8.0,33.8637555516,34.98
775,42342.0,9.0,33.3592643291,34.98
776,42342.0,10.0,33.3309189153,21.95
777,42342.0,11.0,32.953613005,34.93
778,42342.0,12.0,31.6152892327,34.93
779,42342.0,13.0,31.0008568525,34.92
780,42342.0,14.0,31.2903943616,34.99
781,42342.0,15.0,31.5257767731,52.11
782,42342.0,16.0,32.5510569382,52.11
783,42342.0,17.0,33.1726381722,42.9
784,42342.0,18.0,31.8768265682,34.98
785,42342.0,19.0,29.9939458489,24.62
786,42342.0,20.0,28.1428629458,20.8
787,42342.0,21.0,27.4338704556,20.45
788,42342.0,22.0,26.0598738432,19.71
789,42342.0,23.0,23.9326285139,18.29
790,42343.0,0.0,20.1969267854,16.28
791,42343.0,1.0,18.2075930253,14.94
792,42343.0,2.0,16.2627416837,13.51
793,42343.0,3.0,15.6411485448,13.13
794,42343.0,4.0,15.0960618326,13.39
795,42343.0,5.0,17.2818015721,14.03
796,42343.0,6.0,19.4412078151,15.46
797,42343.0,7.0,22.7857642618,15.61
798,42343.0,8.0,24.532828663,15.39
799,42343.0,9.0,24.9835635999,15.27
800,42343.0,10.0,25.2364044529,15.74
801,42343.0,11.0,25.4994656074,15.81
802,42343.0,12.0,25.1581837299,15.52
803,42343.0,13.0,25.2348925388,15.2
804,42343.0,14.0,26.0418975413,15.17
805,42343.0,15.0,27.6194013676,15.76
806,42343.0,16.0,28.9661120966,16.78
807,42343.0,17.0,28.8550161698,17.52
808,42343.0,18.0,27.3364888996,16.55
809,42343.0,19.0,25.099195269,15.91
810,42343.0,20.0,23.054134973,15.85
811,42343.0,21.0,23.8282171524,15.0
812,42343.0,22.0,23.0658195692,14.66
813,42343.0,23.0,20.78042445,13.05
814,42344.0,0.0,16.5753745741,7.72
815,42344.0,1.0,14.1577881593,4.69
816,42344.0,2.0,13.4170514247,4.13
817,42344.0,3.0,13.3721880513,3.64
818,42344.0,4.0,13.8466433734,3.96
819,42344.0,5.0,15.6297377598,4.49
820,42344.0,6.0,17.2673193395,4.47
821,42344.0,7.0,20.5222740403,9.25
822,42344.0,8.0,21.9465388215,12.02
823,42344.0,9.0,23.0702243584,12.09
824,42344.0,10.0,24.0458077869,12.82
825,42344.0,11.0,24.5304774579,13.19
826,42344.0,12.0,24.5377989319,12.97
827,42344.0,13.0,24.6177994278,13.12
828,42344.0,14.0,25.6942406243,14.05
829,42344.0,15.0,26.558186456,16.26
830,42344.0,16.0,27.2641670227,17.34
831,42344.0,17.0,28.0777256373,17.87
832,42344.0,18.0,27.1898153713,17.15
833,42344.0,19.0,25.6466808057,16.47
834,42344.0,20.0,23.9207415354,15.0
835,42344.0,21.0,24.4212803525,14.57
836,42344.0,22.0,22.8145680118,13.63
837,42344.0,23.0,18.3932787001,11.62
838,42345.0,0.0,14.5918920407,14.49
839,42345.0,1.0,12.5909213036,13.38
840,42345.0,2.0,11.9450363475,13.19
841,42345.0,3.0,12.553504405,13.47
842,42345.0,4.0,15.6143448073,14.57
843,42345.0,5.0,22.5936380708,16.43
844,42345.0,6.0,27.9018971664,31.79
845,42345.0,7.0,31.7440876502,38.26
846,42345.0,8.0,33.2839543384,34.97
847,42345.0,9.0,32.3612819523,34.94
848,42345.0,10.0,33.3727525079,34.93
849,42345.0,11.0,33.9212618604,34.9
850,42345.0,12.0,33.1145128119,32.19
851,42345.0,13.0,33.6098194537,34.09
852,42345.0,14.0,34.3796158922,34.97
853,42345.0,15.0,34.3326513153,49.97
854,42345.0,16.0,35.8784823263,44.05
855,42345.0,17.0,37.656737397,44.0
856,42345.0,18.0,36.1243052787,36.37
857,42345.0,19.0,32.5651165491,27.06
858,42345.0,20.0,29.419603003,23.6
859,42345.0,21.0,28.7489976555,22.01
860,42345.0,22.0,26.9563555908,20.51
861,42345.0,23.0,24.0147778326,19.5
862,42346.0,0.0,21.1194860756,19.58
863,42346.0,1.0,19.8302399886,19.19
864,42346.0,2.0,19.6108457714,19.04
865,42346.0,3.0,20.431797289,19.05
866,42346.0,4.0,23.3695000231,19.36
867,42346.0,5.0,27.8715398353,20.08
868,42346.0,6.0,31.870868198,27.04
869,42346.0,7.0,38.1000913358,35.8
870,42346.0,8.0,38.6304160517,35.0
871,42346.0,9.0,38.5707073483,34.92
872,42346.0,10.0,38.8014885408,28.03
873,42346.0,11.0,38.7888694149,34.96
874,42346.0,12.0,37.1350377345,34.97
875,42346.0,13.0,37.7539344281,34.97
876,42346.0,14.0,38.0809424075,51.45
877,42346.0,15.0,38.0235194325,51.46
878,42346.0,16.0,39.8956500852,51.45
879,42346.0,17.0,41.5269101971,51.46
880,42346.0,18.0,39.4833975297,51.45
881,42346.0,19.0,35.1311503127,31.26
882,42346.0,20.0,31.4486572474,21.7
883,42346.0,21.0,30.4315080851,21.68
884,42346.0,22.0,28.9546655971,19.67
885,42346.0,23.0,26.9021350166,17.44
886,42347.0,0.0,22.8877767989,16.36
887,42347.0,1.0,19.4864283335,15.22
888,42347.0,2.0,18.4344634792,14.86
889,42347.0,3.0,19.1321999472,14.87
890,42347.0,4.0,23.5089770782,16.47
891,42347.0,5.0,28.5847228277,22.11
892,42347.0,6.0,32.1302209961,34.91
893,42347.0,7.0,36.7240649489,51.06
894,42347.0,8.0,37.0104536289,44.07
895,42347.0,9.0,34.7739635748,42.34
896,42347.0,10.0,34.9499884754,29.68
897,42347.0,11.0,34.2814426646,34.95
898,42347.0,12.0,32.4830386594,34.98
899,42347.0,13.0,32.404341743,34.97
900,42347.0,14.0,32.4579849327,51.42
901,42347.0,15.0,32.2459359992,51.45
902,42347.0,16.0,33.7530286747,51.45
903,42347.0,17.0,36.0251856166,40.23
904,42347.0,18.0,34.2927463061,38.09
905,42347.0,19.0,32.4265918809,27.23
906,42347.0,20.0,29.4446805394,20.23
907,42347.0,21.0,28.6292231035,19.65
908,42347.0,22.0,26.7197112668,18.0
909,42347.0,23.0,23.8210742509,15.65
910,42348.0,0.0,19.4746961179,14.22
911,42348.0,1.0,16.6243272585,12.1
912,42348.0,2.0,15.61740435,10.44
913,42348.0,3.0,16.0460141498,10.59
914,42348.0,4.0,19.2035218179,13.75
915,42348.0,5.0,25.6269544929,24.9
916,42348.0,6.0,30.1696136045,34.95
917,42348.0,7.0,35.8706251347,51.43
918,42348.0,8.0,36.6497132975,34.99
919,42348.0,9.0,34.6567247528,34.99
920,42348.0,10.0,36.5874033874,34.97
921,42348.0,11.0,35.5626470351,45.05
922,42348.0,12.0,33.4118122739,35.89
923,42348.0,13.0,33.1137151879,35.86
924,42348.0,14.0,34.1036141813,34.99
925,42348.0,15.0,33.5766406766,51.43
926,42348.0,16.0,34.7569456121,45.09
927,42348.0,17.0,35.6387189353,34.98
928,42348.0,18.0,34.0044349951,35.56
929,42348.0,19.0,31.9230828074,27.7
930,42348.0,20.0,29.7251346588,19.91
931,42348.0,21.0,29.2266196638,20.46
932,42348.0,22.0,27.2490359765,18.86
933,42348.0,23.0,24.2264993832,16.72
934,42349.0,0.0,20.2862309104,16.28
935,42349.0,1.0,17.9065316352,15.48
936,42349.0,2.0,17.8287037718,15.5
937,42349.0,3.0,18.4388980305,15.85
938,42349.0,4.0,22.8196989959,17.27
939,42349.0,5.0,28.2806852287,27.91
940,42349.0,6.0,31.8086356694,44.08
941,42349.0,7.0,36.8136905044,51.45
942,42349.0,8.0,38.1194128841,51.45
943,42349.0,9.0,37.8464945257,51.44
944,42349.0,10.0,38.0675673246,44.05
945,42349.0,11.0,36.9628223813,51.41
946,42349.0,12.0,34.2817640951,51.44
947,42349.0,13.0,32.9448331887,51.45
948,42349.0,14.0,34.1856980234,51.44
949,42349.0,15.0,34.6115578061,51.45
950,42349.0,16.0,36.3346637255,51.45
951,42349.0,17.0,37.9465189552,51.44
952,42349.0,18.0,35.56519467,51.41
953,42349.0,19.0,32.7295044729,35.86
954,42349.0,20.0,30.8775346595,25.76
955,42349.0,21.0,30.4791155231,23.96
956,42349.0,22.0,29.3995016879,19.3
957,42349.0,23.0,27.1518389454,16.92
958,42350.0,0.0,23.7647941402,18.19
959,42350.0,1.0,21.5628935862,16.98
960,42350.0,2.0,20.5793279654,16.6
961,42350.0,3.0,20.2308079478,15.98
962,42350.0,4.0,21.8058534256,16.65
963,42350.0,5.0,24.678031944,18.02
964,42350.0,6.0,26.2927919537,18.85
965,42350.0,7.0,28.1290592888,19.31
966,42350.0,8.0,28.9855705506,20.04
967,42350.0,9.0,29.1603930628,20.98
968,42350.0,10.0,29.1885599041,22.97
969,42350.0,11.0,28.8081170696,25.5
970,42350.0,12.0,28.4777459741,27.62
971,42350.0,13.0,28.3286021924,27.64
972,42350.0,14.0,28.995249182,37.75
973,42350.0,15.0,29.7265751439,51.42
974,42350.0,16.0,30.8909573618,51.41
975,42350.0,17.0,32.0958398306,51.41
976,42350.0,18.0,31.5917295629,51.4
977,42350.0,19.0,30.1928756535,33.93
978,42350.0,20.0,28.8613912094,21.0
979,42350.0,21.0,29.0771544516,22.62
980,42350.0,22.0,28.415834876,20.74
981,42350.0,23.0,27.1822736579,20.36
982,42351.0,0.0,25.7777649516,20.07
983,42351.0,1.0,25.0225102699,19.2
984,42351.0,2.0,24.8598187852,18.93
985,42351.0,3.0,24.9167953289,18.98
986,42351.0,4.0,25.2900178805,18.98
987,42351.0,5.0,26.0603619415,19.28
988,42351.0,6.0,26.8963790286,19.37
989,42351.0,7.0,28.3115128008,19.35
990,42351.0,8.0,29.029880349,19.97
991,42351.0,9.0,29.4617342165,21.32
992,42351.0,10.0,29.6731760034,21.96
993,42351.0,11.0,29.8166649881,22.48
994,42351.0,12.0,29.7167774642,22.38
995,42351.0,13.0,29.7722063792,22.37
996,42351.0,14.0,30.5192348194,27.65
997,42351.0,15.0,31.3415792027,35.81
998,42351.0,16.0,32.3776272917,51.4
999,42351.0,17.0,35.1924780738,49.27
1000,42351.0,18.0,34.4273423785,41.67
1001,42351.0,19.0,32.3071506643,30.72
1002,42351.0,20.0,30.5245741382,27.64
1003,42351.0,21.0,30.2388283193,24.45
1004,42351.0,22.0,29.1344524258,22.37
1005,42351.0,23.0,27.8454622927,21.55
1006,42352.0,0.0,26.4426500255,22.33
1007,42352.0,1.0,25.5363229787,21.55
1008,42352.0,2.0,25.115391798,21.36
1009,42352.0,3.0,25.2758987454,21.07
1010,42352.0,4.0,26.5006980044,21.87
1011,42352.0,5.0,29.0463923562,33.96
1012,42352.0,6.0,32.2132274631,51.23
1013,42352.0,7.0,38.5672251838,53.46
1014,42352.0,8.0,40.3848376414,56.7
1015,42352.0,9.0,39.8831619126,51.5
1016,42352.0,10.0,40.0421093264,47.96
1017,42352.0,11.0,40.5278325754,45.64
1018,42352.0,12.0,39.8297330099,43.05
1019,42352.0,13.0,40.4665464813,46.64
1020,42352.0,14.0,41.236217919,55.0
1021,42352.0,15.0,41.0875503308,55.08
1022,42352.0,16.0,42.2398848549,55.09
1023,42352.0,17.0,43.5168451515,61.76
1024,42352.0,18.0,41.0988242102,55.01
1025,42352.0,19.0,36.2058772129,45.81
1026,42352.0,20.0,32.195263066,33.91
1027,42352.0,21.0,30.9636363837,28.78
1028,42352.0,22.0,29.0384637356,22.04
1029,42352.0,23.0,26.6499251199,20.92
1030,42353.0,0.0,25.2880952495,20.47
1031,42353.0,1.0,23.881104385,20.16
1032,42353.0,2.0,23.3349164754,19.99
1033,42353.0,3.0,23.1392069289,20.16
1034,42353.0,4.0,24.9291585007,20.61
1035,42353.0,5.0,28.328667669,33.43
1036,42353.0,6.0,32.0605658025,33.41
1037,42353.0,7.0,38.9723348379,49.99
1038,42353.0,8.0,40.7293100148,53.71
1039,42353.0,9.0,38.3751108977,53.35
1040,42353.0,10.0,38.44468871,51.08
1041,42353.0,11.0,39.4203019005,51.39
1042,42353.0,12.0,38.3535810024,50.71
1043,42353.0,13.0,38.9395786825,50.47
1044,42353.0,14.0,39.7372800559,49.6
1045,42353.0,15.0,39.726797848,50.04
1046,42353.0,16.0,41.2439560622,50.96
1047,42353.0,17.0,42.7515725505,55.25
1048,42353.0,18.0,40.7423398575,52.15
1049,42353.0,19.0,37.1836808932,44.3
1050,42353.0,20.0,33.0395302042,28.57
1051,42353.0,21.0,31.8583026439,24.44
1052,42353.0,22.0,30.0975298244,21.06
1053,42353.0,23.0,28.2717506495,20.32
1054,42354.0,0.0,26.7537233824,20.65
1055,42354.0,1.0,25.7629910505,20.0
1056,42354.0,2.0,25.3776850906,19.75
1057,42354.0,3.0,25.5095073363,19.86
1058,42354.0,4.0,26.9056528956,20.44
1059,42354.0,5.0,30.1405955675,35.61
1060,42354.0,6.0,34.2859129304,35.65
1061,42354.0,7.0,41.5729223871,45.64
1062,42354.0,8.0,42.963264339,45.44
1063,42354.0,9.0,40.7887508595,44.39
1064,42354.0,10.0,41.3358375841,42.44
1065,42354.0,11.0,40.9859306532,44.0
1066,42354.0,12.0,39.500111919,42.32
1067,42354.0,13.0,40.9420851433,43.01
1068,42354.0,14.0,41.0303178331,49.97
1069,42354.0,15.0,40.9137516344,51.35
1070,42354.0,16.0,42.6004882807,50.95
1071,42354.0,17.0,43.7060546577,49.03
1072,42354.0,18.0,41.4950885713,43.59
1073,42354.0,19.0,37.5186472553,38.82
1074,42354.0,20.0,33.2597160929,33.75
1075,42354.0,21.0,32.1532151863,29.74
1076,42354.0,22.0,30.6377831733,24.66
1077,42354.0,23.0,29.0753270593,20.84
1078,42355.0,0.0,28.5037937546,19.68
1079,42355.0,1.0,27.8645040774,19.19
1080,42355.0,2.0,27.7187174594,18.97
1081,42355.0,3.0,28.0608386278,18.92
1082,42355.0,4.0,28.8311053073,26.86
1083,42355.0,5.0,31.5229910415,42.55
1084,42355.0,6.0,36.8755599356,51.35
1085,42355.0,7.0,41.4325108024,51.36
1086,42355.0,8.0,42.6398456675,45.56
1087,42355.0,9.0,41.5754343075,40.39
1088,42355.0,10.0,41.7314947987,35.85
1089,42355.0,11.0,42.1462116551,39.89
1090,42355.0,12.0,39.1991457677,35.82
1091,42355.0,13.0,40.4101949415,35.86
1092,42355.0,14.0,40.8534060222,51.36
1093,42355.0,15.0,41.235277437,51.36
1094,42355.0,16.0,42.1671998805,38.25
1095,42355.0,17.0,43.416451672,40.41
1096,42355.0,18.0,41.8649003875,47.57
1097,42355.0,19.0,37.5776952404,34.07
1098,42355.0,20.0,33.0960126972,30.44
1099,42355.0,21.0,32.1029410651,28.08
1100,42355.0,22.0,30.5538778913,20.15
1101,42355.0,23.0,28.7463190675,18.86
1102,42356.0,0.0,27.1377079055,17.34
1103,42356.0,1.0,25.9457540882,16.76
1104,42356.0,2.0,25.4919417512,16.32
1105,42356.0,3.0,25.4062983632,16.36
1106,42356.0,4.0,26.4112093544,16.98
1107,42356.0,5.0,28.9832729173,34.63
1108,42356.0,6.0,31.5616341382,38.53
1109,42356.0,7.0,36.7207434997,51.35
1110,42356.0,8.0,37.7666606975,51.35
1111,42356.0,9.0,35.5823078713,51.35
1112,42356.0,10.0,35.4731524327,26.84
1113,42356.0,11.0,34.1483168393,34.45
1114,42356.0,12.0,32.4276633161,34.41
1115,42356.0,13.0,32.0968874562,34.42
1116,42356.0,14.0,32.2849600506,34.1
1117,42356.0,15.0,32.542449742,35.61
1118,42356.0,16.0,33.2589779931,34.44
1119,42356.0,17.0,34.0379709172,34.09
1120,42356.0,18.0,32.9207556584,34.08
1121,42356.0,19.0,31.3026206279,34.06
1122,42356.0,20.0,29.7058845395,17.71
1123,42356.0,21.0,28.9803859946,18.89
1124,42356.0,22.0,27.475942145,16.65
1125,42356.0,23.0,24.6622163698,15.46
1126,42357.0,0.0,20.3447848448,14.62
1127,42357.0,1.0,17.8618825489,13.82
1128,42357.0,2.0,16.5264814138,13.37
1129,42357.0,3.0,16.4606714821,13.2
1130,42357.0,4.0,17.7016136983,13.6
1131,42357.0,5.0,20.5859946734,14.08
1132,42357.0,6.0,22.831865738,14.91
1133,42357.0,7.0,25.9766471368,18.8
1134,42357.0,8.0,27.6329550231,15.54
1135,42357.0,9.0,28.3556856936,15.93
1136,42357.0,10.0,28.8000932103,16.24
1137,42357.0,11.0,28.9151415426,16.21
1138,42357.0,12.0,28.9577965689,16.02
1139,42357.0,13.0,29.2634413207,15.97
1140,42357.0,14.0,30.4286390197,16.23
1141,42357.0,15.0,31.5522888422,25.76
1142,42357.0,16.0,33.0806316495,26.87
1143,42357.0,17.0,35.6045520568,26.89
1144,42357.0,18.0,33.7859693551,25.8
1145,42357.0,19.0,31.3827937439,16.83
1146,42357.0,20.0,29.5415382826,15.99
1147,42357.0,21.0,28.8552483141,15.56
1148,42357.0,22.0,27.1412138796,19.16
1149,42357.0,23.0,24.881283204,14.78
1150,42358.0,0.0,21.4234998649,12.53
1151,42358.0,1.0,17.950674766,10.92
1152,42358.0,2.0,16.3056050447,10.06
1153,42358.0,3.0,15.4326413,9.26
1154,42358.0,4.0,15.4266293579,9.4
1155,42358.0,5.0,16.433248693,7.75
1156,42358.0,6.0,18.0349967173,9.64
1157,42358.0,7.0,20.3318442884,10.85
1158,42358.0,8.0,22.4112500355,12.72
1159,42358.0,9.0,23.980694288,13.88
1160,42358.0,10.0,25.1741362098,14.34
1161,42358.0,11.0,25.2542617065,14.39
1162,42358.0,12.0,25.0823975459,14.29
1163,42358.0,13.0,25.2962738717,14.31
1164,42358.0,14.0,26.2371249419,14.45
1165,42358.0,15.0,27.2215000916,14.84
1166,42358.0,16.0,28.1228092501,15.51
1167,42358.0,17.0,29.5407704207,15.62
1168,42358.0,18.0,29.1016546035,15.41
1169,42358.0,19.0,27.8800934598,14.79
1170,42358.0,20.0,26.1217016074,14.36
1171,42358.0,21.0,25.7402647191,14.16
1172,42358.0,22.0,24.3858277518,13.36
1173,42358.0,23.0,21.4793097347,10.75
1174,42359.0,0.0,15.8567094049,8.71
1175,42359.0,1.0,12.7296126395,6.4
1176,42359.0,2.0,12.0216796798,5.31
1177,42359.0,3.0,13.3314497036,6.02
1178,42359.0,4.0,16.9294898644,9.48
1179,42359.0,5.0,23.5762989241,13.46
1180,42359.0,6.0,27.2776016298,26.83
1181,42359.0,7.0,29.6244078439,31.28
1182,42359.0,8.0,30.5812471086,25.78
1183,42359.0,9.0,30.3966031069,26.87
1184,42359.0,10.0,30.5799613863,24.57
1185,42359.0,11.0,30.5109966731,31.82
1186,42359.0,12.0,29.9999339813,29.83
1187,42359.0,13.0,29.8777665573,26.87
1188,42359.0,14.0,30.2250901389,30.9
1189,42359.0,15.0,30.4086508006,51.35
1190,42359.0,16.0,30.9730114418,35.63
1191,42359.0,17.0,32.5111043096,31.46
1192,42359.0,18.0,31.5192707804,28.44
1193,42359.0,19.0,29.8250281352,25.47
1194,42359.0,20.0,27.6637052137,14.2
1195,42359.0,21.0,26.4883824518,13.85
1196,42359.0,22.0,24.3471965599,12.03
1197,42359.0,23.0,15.3190810722,5.63
1198,42360.0,0.0,10.9351848495,6.99
1199,42360.0,1.0,8.70429006815,5.29
1200,42360.0,2.0,8.43285981417,5.08
1201,42360.0,3.0,8.23903718412,5.15
1202,42360.0,4.0,8.939862957,7.84
1203,42360.0,5.0,12.8156786492,12.43
1204,42360.0,6.0,18.3220639729,15.75
1205,42360.0,7.0,24.7443894982,26.95
1206,42360.0,8.0,26.7126695564,26.82
1207,42360.0,9.0,27.0997612417,22.37
1208,42360.0,10.0,27.8468253964,23.97
1209,42360.0,11.0,28.1230711564,25.7
1210,42360.0,12.0,28.3253759819,25.04
1211,42360.0,13.0,28.696211614,25.61
1212,42360.0,14.0,29.5584967211,26.81
1213,42360.0,15.0,29.6276816738,34.01
1214,42360.0,16.0,29.9189989558,34.04
1215,42360.0,17.0,30.594116236,34.06
1216,42360.0,18.0,30.0408032823,35.61
1217,42360.0,19.0,28.4874841297,31.7
1218,42360.0,20.0,26.3524708951,16.67
1219,42360.0,21.0,26.0313141423,17.21
1220,42360.0,22.0,23.9950931868,14.09
1221,42360.0,23.0,18.4638386613,11.36
1222,42361.0,0.0,14.8826855099,10.05
1223,42361.0,1.0,12.4645752823,7.93
1224,42361.0,2.0,11.4198545206,3.54
1225,42361.0,3.0,11.5647839904,4.48
1226,42361.0,4.0,13.3444914511,6.39
1227,42361.0,5.0,19.444981648,9.26
1228,42361.0,6.0,24.766794399,13.65
1229,42361.0,7.0,27.8769446307,21.04
1230,42361.0,8.0,28.5900621465,19.51
1231,42361.0,9.0,27.9351711822,15.5
1232,42361.0,10.0,28.0308622515,15.95
1233,42361.0,11.0,27.308560155,20.01
1234,42361.0,12.0,26.0452487525,18.51
1235,42361.0,13.0,26.0920168996,20.33
1236,42361.0,14.0,27.0984576622,26.89
1237,42361.0,15.0,27.6076334375,29.99
1238,42361.0,16.0,28.2623755914,26.89
1239,42361.0,17.0,29.2276375273,26.86
1240,42361.0,18.0,28.8692484009,21.62
1241,42361.0,19.0,27.2861135873,26.8
1242,42361.0,20.0,24.8928487518,17.36
1243,42361.0,21.0,24.8418067688,19.17
1244,42361.0,22.0,21.9912295747,12.83
1245,42361.0,23.0,15.528612133,11.31
1246,42362.0,0.0,12.7162018421,9.92
1247,42362.0,1.0,10.402401785,9.14
1248,42362.0,2.0,9.83618994176,8.73
1249,42362.0,3.0,10.089959372,8.57
1250,42362.0,4.0,11.1303229639,8.72
1251,42362.0,5.0,14.1349903989,9.6
1252,42362.0,6.0,16.4001770595,10.07
1253,42362.0,7.0,21.6248939705,10.48
1254,42362.0,8.0,23.9194736704,11.96
1255,42362.0,9.0,24.5610193139,14.18
1256,42362.0,10.0,24.4014290389,14.91
1257,42362.0,11.0,23.3572082803,14.8
1258,42362.0,12.0,22.5319710219,14.51
1259,42362.0,13.0,22.2063678131,13.9
1260,42362.0,14.0,23.3252318916,13.24
1261,42362.0,15.0,23.9751466346,13.95
1262,42362.0,16.0,23.4529172069,13.98
1263,42362.0,17.0,22.7243174523,12.07
1264,42362.0,18.0,19.7766682279,11.29
1265,42362.0,19.0,16.6191724646,10.46
1266,42362.0,20.0,14.4878021097,8.57
1267,42362.0,21.0,15.939846825,8.07
1268,42362.0,22.0,14.4880580637,7.34
1269,42362.0,23.0,11.7372552976,4.03
1270,42363.0,0.0,8.45880640358,3.18
1271,42363.0,1.0,7.03261303902,1.83
1272,42363.0,2.0,6.18669708103,0.46
1273,42363.0,3.0,5.98259462535,0.32
1274,42363.0,4.0,6.50525262713,3.04
1275,42363.0,5.0,7.49550876558,4.08
1276,42363.0,6.0,8.26281114101,4.01
1277,42363.0,7.0,10.186727829,5.31
1278,42363.0,8.0,11.755451839,9.59
1279,42363.0,9.0,12.2947349438,10.11
1280,42363.0,10.0,13.5654154396,10.55
1281,42363.0,11.0,13.8319051868,11.01
1282,42363.0,12.0,13.8624768049,11.31
1283,42363.0,13.0,13.5534808418,11.39
1284,42363.0,14.0,16.2128187552,11.88
1285,42363.0,15.0,18.5696190789,13.17
1286,42363.0,16.0,19.8637997204,14.08
1287,42363.0,17.0,21.1375695211,14.06
1288,42363.0,18.0,21.6597275198,13.39
1289,42363.0,19.0,20.3636837715,12.86
1290,42363.0,20.0,17.2770039234,12.47
1291,42363.0,21.0,18.7417213362,12.47
1292,42363.0,22.0,16.787715176,12.17
1293,42363.0,23.0,13.5127960658,11.48
1294,42364.0,0.0,9.85101741463,10.12
1295,42364.0,1.0,9.10449492991,7.59
1296,42364.0,2.0,8.96455358624,6.36
1297,42364.0,3.0,8.98926802516,5.77
1298,42364.0,4.0,10.0651318371,7.09
1299,42364.0,5.0,12.3787176073,8.61
1300,42364.0,6.0,13.3492712426,10.14
1301,42364.0,7.0,16.5471660659,10.57
1302,42364.0,8.0,18.5605297369,11.4
1303,42364.0,9.0,19.6743580699,12.03
1304,42364.0,10.0,20.6397688162,12.94
1305,42364.0,11.0,20.6953405893,13.38
1306,42364.0,12.0,20.650691503,13.39
1307,42364.0,13.0,20.6940310574,13.3
1308,42364.0,14.0,23.2424278069,13.76
1309,42364.0,15.0,24.9197298709,14.52
1310,42364.0,16.0,25.5712220046,15.48
1311,42364.0,17.0,25.9681947035,16.07
1312,42364.0,18.0,25.7117764473,15.93
1313,42364.0,19.0,25.2633808106,15.53
1314,42364.0,20.0,24.2854104626,15.22
1315,42364.0,21.0,26.2741608858,14.77
1316,42364.0,22.0,26.1204099327,14.44
1317,42364.0,23.0,25.7864078623,12.6
1318,42365.0,0.0,24.4438995403,12.44
1319,42365.0,1.0,23.3375117296,11.96
1320,42365.0,2.0,23.2476302201,11.72
1321,42365.0,3.0,23.7164843169,11.72
1322,42365.0,4.0,24.1521001124,11.94
1323,42365.0,5.0,24.9908195972,12.35
1324,42365.0,6.0,25.9755876064,12.47
1325,42365.0,7.0,27.1052672282,13.24
1326,42365.0,8.0,27.7656998935,13.11
1327,42365.0,9.0,28.5981336251,14.23
1328,42365.0,10.0,29.1975956744,15.12
1329,42365.0,11.0,29.109952274,15.42
1330,42365.0,12.0,28.8169445053,15.44
1331,42365.0,13.0,28.7294499153,15.94
1332,42365.0,14.0,29.2362328187,26.45
1333,42365.0,15.0,30.1284585875,29.74
1334,42365.0,16.0,31.4874789166,34.08
1335,42365.0,17.0,33.0890662256,34.16
1336,42365.0,18.0,32.5590807974,34.09
1337,42365.0,19.0,31.3585614508,27.16
1338,42365.0,20.0,30.106613214,17.68
1339,42365.0,21.0,30.1863637084,22.93
1340,42365.0,22.0,29.7199917698,21.76
1341,42365.0,23.0,28.2806018949,15.82
1342,42366.0,0.0,27.1797974521,15.61
1343,42366.0,1.0,26.3716079184,15.41
1344,42366.0,2.0,26.7808425981,15.49
1345,42366.0,3.0,27.2999291492,15.63
1346,42366.0,4.0,28.3713524574,16.57
1347,42366.0,5.0,30.601866284,35.18
1348,42366.0,6.0,31.9861010551,50.0
1349,42366.0,7.0,33.2328587836,51.45
1350,42366.0,8.0,34.156346651,51.47
1351,42366.0,9.0,34.9782148409,51.43
1352,42366.0,10.0,35.5589089167,41.59
1353,42366.0,11.0,35.6839215964,46.46
1354,42366.0,12.0,34.8395830292,51.42
1355,42366.0,13.0,34.3080440199,51.41
1356,42366.0,14.0,34.7169691738,51.48
1357,42366.0,15.0,35.3063418749,51.48
1358,42366.0,16.0,37.9379772356,51.48
1359,42366.0,17.0,41.1888485777,51.48
1360,42366.0,18.0,39.8363759083,51.47
1361,42366.0,19.0,34.8842499727,45.01
1362,42366.0,20.0,32.081542123,48.01
1363,42366.0,21.0,31.4771395668,38.3
1364,42366.0,22.0,30.3276919654,32.2
1365,42366.0,23.0,28.5995443481,25.77
1366,42367.0,0.0,26.7196815047,16.1
1367,42367.0,1.0,25.6742940721,15.52
1368,42367.0,2.0,24.8875034806,15.19
1369,42367.0,3.0,24.2406958997,14.64
1370,42367.0,4.0,24.8922297004,25.19
1371,42367.0,5.0,26.656294207,34.07
1372,42367.0,6.0,28.2024347436,34.46
1373,42367.0,7.0,29.4678533021,51.31
1374,42367.0,8.0,30.283483358,51.3
1375,42367.0,9.0,30.5198241088,50.87
1376,42367.0,10.0,30.8441832623,26.86
1377,42367.0,11.0,30.876046555,44.08
1378,42367.0,12.0,30.4791333804,39.36
1379,42367.0,13.0,30.1911673096,34.48
1380,42367.0,14.0,30.3215550226,43.11
1381,42367.0,15.0,30.4389367026,51.09
1382,42367.0,16.0,31.1926735178,51.3
1383,42367.0,17.0,31.9347376415,51.02
1384,42367.0,18.0,31.0171724299,51.06
1385,42367.0,19.0,29.8040518147,26.86
1386,42367.0,20.0,28.2649827504,18.37
1387,42367.0,21.0,27.6293478578,26.85
1388,42367.0,22.0,26.4962575006,19.96
1389,42367.0,23.0,24.8924856544,14.65
1390,42368.0,0.0,22.5403698835,15.04
1391,42368.0,1.0,21.1930877224,14.38
1392,42368.0,2.0,20.4075471386,14.02
1393,42368.0,3.0,20.4984107971,14.02
1394,42368.0,4.0,22.0564799792,14.72
1395,42368.0,5.0,24.8763426971,34.04
1396,42368.0,6.0,26.79374744,36.05
1397,42368.0,7.0,28.9780645517,45.78
1398,42368.0,8.0,30.0660772485,48.01
1399,42368.0,9.0,29.4348590499,45.81
1400,42368.0,10.0,30.1255895221,27.32
1401,42368.0,11.0,30.3054596847,37.54
1402,42368.0,12.0,29.8922785521,35.18
1403,42368.0,13.0,29.1083510736,36.52
1404,42368.0,14.0,29.2215958232,36.33
1405,42368.0,15.0,29.4061743483,48.02
1406,42368.0,16.0,30.3270788664,45.0
1407,42368.0,17.0,31.5952117273,40.69
1408,42368.0,18.0,30.927713542,46.33
1409,42368.0,19.0,29.4641866127,34.4
1410,42368.0,20.0,27.6945625478,26.11
1411,42368.0,21.0,26.9932605815,26.88
1412,42368.0,22.0,25.8239676189,26.84
1413,42368.0,23.0,23.8597887766,13.71
1414,42369.0,0.0,23.257814807,13.73
1415,42369.0,1.0,21.5304648137,12.56
1416,42369.0,2.0,20.4364223176,12.31
1417,42369.0,3.0,20.6672332722,12.48
1418,42369.0,4.0,22.2043201813,12.81
1419,42369.0,5.0,24.7415323377,26.85
1420,42369.0,6.0,26.3097742018,27.73
1421,42369.0,7.0,27.8515873307,34.06
1422,42369.0,8.0,28.5409070799,34.07
1423,42369.0,9.0,28.841343466,34.08
1424,42369.0,10.0,28.8037718046,21.8
1425,42369.0,11.0,28.6816579524,34.02
1426,42369.0,12.0,28.7765097308,30.94
1427,42369.0,13.0,28.4871210322,31.65
1428,42369.0,14.0,28.8907544866,34.46
1429,42369.0,15.0,29.8954809529,39.49
1430,42369.0,16.0,31.2071319407,39.3
1431,42369.0,17.0,31.7268613529,34.43
1432,42369.0,18.0,30.3833411199,33.16
1433,42369.0,19.0,28.6562827951,19.16
1434,42369.0,20.0,27.594919073,16.32
1435,42369.0,21.0,28.4435314763,16.29
1436,42369.0,22.0,28.3527690089,16.19
1437,42369.0,23.0,27.1378507635,15.91
